size,sequential_time,parallel_time
10,1.582e-06,1.1168e-05
100,4.1454e-05,4.1386e-05
500,0.00096319,0.000913638
1000,0.00823929,0.00362187
5000,0.100726,0.079907
