MatrixSize,Threads,Serial,ParallelFor,ParallelManual
10,2,3.2051e-05,0.00017358,2.1446e-05
100,2,0.0225973,0.0100394,0.00841049
500,2,2.17999,0.926371,1.10981
1000,2,19.8952,9.89262,10.684
10,4,2.1524e-05,0.000227797,1.2991e-05
100,4,0.0166378,0.0066183,0.00559385
500,4,2.40869,0.484423,0.423146
1000,4,20.8864,4.65229,4.41835
10,8,1.8276e-05,0.00336627,2.447e-05
100,8,0.0196322,0.0122646,0.00670898
500,8,2.02389,0.435325,0.397351
1000,8,19.8545,3.77056,3.76524
