size,sequential_time,parallel_time
10,4.665e-06,2.5687e-05
100,5.1871e-05,5.9298e-05
500,0.00109354,0.00141736
1000,0.00407977,0.00512949
5000,0.084751,0.113995
