size,sequential_time,parallel_time
10,8.7e-07,0.000137978
100,2.6545e-05,0.000200697
500,0.000754074,0.00116833
1000,0.00462092,0.0024528
5000,0.0883696,0.0297732
