size,sequential_time,parallel_time
10,1.426e-06,0.000312851
100,4.6048e-05,0.000199406
500,0.000518236,0.00141906
1000,0.00322475,0.00239675
5000,0.175675,0.0400248
