size,sequential_time,parallel_time
10,1.866e-06,0.000216674
100,8.9468e-05,0.000179517
500,0.00203621,0.00162339
1000,0.00802665,0.0033607
5000,0.0566411,0.0567118
